{
  "email": {
    "user": "noori.hadi",       
    "domain": "hotmail.com",      
    "desc": "For inquiries regarding strategic consulting, governance audits, or academic collaboration."
  },
  "availability": {
    "year": "2026",
    "status": "Q3/Q4 OPEN",
    "message": "Currently accepting limited advisory roles. Priority is given to public sector projects and institutional governance frameworks."
  },
  "socials": [
    { "name": "LinkedIn", "url": "https://www.linkedin.com/in/hadinoori" },
    { "name": "GitHub", "url": "https://github.com/hadinoori" }
  ],
  "security": {
    "fingerprint": "8F3D 2A1B 9C4E 5F6G 7H8I 9J0K L1M2 N3O4"
  }
}
